"","Sample_Name","Target","Guide","Replicate","Barcode","Species"
"1","sgCtrl_g1_rep1","sgCtrl","g1","rep1","AAACTA","Mus musculus"
"2","sgCtrl_g1_rep2","sgCtrl","g1","rep2","ATATTC","Mus musculus"
"3","sgCtrl_g1_rep3","sgCtrl","g1","rep3","TAAACA","Mus musculus"
"4","sgCtrl_g2_rep1","sgCtrl","g2","rep1","AAATGT","Mus musculus"
"5","sgCtrl_g2_rep2","sgCtrl","g2","rep2","ATCTTA","Mus musculus"
"6","sgCtrl_g2_rep3","sgCtrl","g2","rep3","TAACTT","Mus musculus"
"7","sgNfe2l1_g1_rep1","sgNfe2l1","g1","rep1","AACTAA","Mus musculus"
"8","sgNfe2l1_g1_rep2","sgNfe2l1","g1","rep2","ATTAAG","Mus musculus"
"9","sgNfe2l1_g1_rep3","sgNfe2l1","g1","rep3","TAATCT","Mus musculus"
"10","sgNfe2l1_g2_rep1","sgNfe2l1","g2","rep1","AATAAC","Mus musculus"
"11","sgNfe2l1_g2_rep2","sgNfe2l1","g2","rep2","ATTCAT","Mus musculus"
"12","sgNfe2l1_g2_rep3","sgNfe2l1","g2","rep3","TACATT","Mus musculus"
"13","sgNfe2l2_g1_rep1","sgNfe2l2","g1","rep1","AATCAA","Mus musculus"
"14","sgNfe2l2_g1_rep2","sgNfe2l2","g1","rep2","ATTTAC","Mus musculus"
"15","sgNfe2l2_g1_rep3","sgNfe2l2","g1","rep3","TAGATA","Mus musculus"
"16","sgNfe2l2_g2_rep1","sgNfe2l2","g2","rep1","AATTAG","Mus musculus"
"17","sgNfe2l2_g2_rep2","sgNfe2l2","g2","rep2","CAAAAT","Mus musculus"
"18","sgNfe2l2_g2_rep3","sgNfe2l2","g2","rep3","TATACT","Mus musculus"
"19","doubleKO_g1_rep1","doubleKO","g1","rep1","ACAAAT","Mus musculus"
"20","doubleKO_g1_rep2","doubleKO","g1","rep2","CATATT","Mus musculus"
"21","doubleKO_g1_rep3","doubleKO","g1","rep3","TATCTA","Mus musculus"
"22","doubleKO_g2_rep1","doubleKO","g2","rep1","ACTATT","Mus musculus"
"23","doubleKO_g2_rep2","doubleKO","g2","rep2","CTAATT","Mus musculus"
"24","doubleKO_g2_rep3","doubleKO","g2","rep3","TATTCA","Mus musculus"
